content_length,is_empty
12,0
99,0
0,1
61,0
34,0
39,0
65,0
82,0
49,0
24,0
12,0
0,1
35,0
67,0
67,0
10,0
45,0
54,0
11,0
77,0
74,0
10,0
19,0
51,0
45,0
71,0
25,0
49,0
74,0
80,0
34,0
63,0
98,0
87,0
21,0
47,0
29,0
86,0
41,0
73,0
33,0
61,0
50,0
59,0
46,0
39,0
26,0
68,0
5,0
24,0
12,0
19,0
52,0
40,0
87,0
28,0
13,0
59,0
9,0
62,0
63,0
28,0
26,0
41,0
69,0
47,0
79,0
40,0
44,0
59,0
77,0
15,0
53,0
26,0
17,0
43,0
30,0
83,0
3,0
37,0
20,0
100,0
13,0
21,0
100,0
9,0
33,0
96,0
17,0
46,0
42,0
51,0
69,0
73,0
40,0
62,0
35,0
85,0
28,0
18,0
